tacticalcm+1@gmail.com,Password1
tacticalcm+2@gmail.com,Password1
tacticalcm+3@gmail.com,Password1
tacticalcm+4@gmail.com,Password1
tacticalcm+5@gmail.com,Password1
tacticalcm+6@gmail.com,Password1
tacticalcm+7@gmail.com,Password1
tacticalcm+8@gmail.com,Password1
tacticalcm+9@gmail.com,Password1
tacticalcm+10@gmail.com,Password1
tacticalcm+11@gmail.com,Password1
tacticalcm+12@gmail.com,Password1
tacticalcm+13@gmail.com,Password1
tacticalcm+14@gmail.com,Password1
tacticalcm+15@gmail.com,Password1
tacticalcm+16@gmail.com,Password1
tacticalcm+17@gmail.com,Password1
tacticalcm+18@gmail.com,Password1
tacticalcm+19@gmail.com,Password1
tacticalcm+20@gmail.com,Password1
tacticalcm+21@gmail.com,Password1
tacticalcm+22@gmail.com,Password1
tacticalcm+23@gmail.com,Password1
tacticalcm+24@gmail.com,Password1
tacticalcm+25@gmail.com,Password1
tacticalcm+26@gmail.com,Password1
tacticalcm+27@gmail.com,Password1
tacticalcm+28@gmail.com,Password1
tacticalcm+29@gmail.com,Password1
tacticalcm+30@gmail.com,Password1
tacticalcm+31@gmail.com,Password1
tacticalcm+32@gmail.com,Password1
tacticalcm+33@gmail.com,Password1
tacticalcm+34@gmail.com,Password1
tacticalcm+35@gmail.com,Password1
tacticalcm+36@gmail.com,Password1
